twitter_cluster052.csv	2500	1000000	0.5201
twitter_cluster052.csv	5000	1000000	0.4659
twitter_cluster052.csv	10000	1000000	0.4161
twitter_cluster052.csv	20000	1000000	0.3710
twitter_cluster052.csv	40000	1000000	0.3274
lirs_loop.trace.gz	125	505500	1.0000
lirs_loop.trace.gz	250	505500	1.0000
lirs_loop.trace.gz	500	505500	1.0000
lirs_loop.trace.gz	1000	505500	1.0000
lirs_loop.trace.gz	2000	505500	0.0020
lirs_2_pools.trace.gz	250	100000	0.5829
lirs_2_pools.trace.gz	500	100000	0.4894
lirs_2_pools.trace.gz	1000	100000	0.4558
lirs_2_pools.trace.gz	2000	100000	0.4067
lirs_2_pools.trace.gz	4000	100000	0.3148
arc_p3.gz	5000	2000000	0.9895
arc_p3.gz	10000	2000000	0.9875
arc_p3.gz	20000	2000000	0.9813
arc_p3.gz	40000	2000000	0.9534
arc_p3.gz	80000	2000000	0.7660
arc_oltp.gz	5000	914145	0.4635
arc_oltp.gz	10000	914145	0.3930
arc_oltp.gz	20000	914145	0.3294
arc_oltp.gz	40000	914145	0.2763
arc_oltp.gz	80000	914145	0.2251
meta_kvcache_202206_1.csv	2500	2000000	0.3932
meta_kvcache_202206_1.csv	5000	2000000	0.3667
meta_kvcache_202206_1.csv	10000	2000000	0.3361
meta_kvcache_202206_1.csv	20000	2000000	0.2980
meta_kvcache_202206_1.csv	40000	2000000	0.2542
msr_hm_0.csv.gz	5000	2000000	0.9156
msr_hm_0.csv.gz	10000	2000000	0.9045
msr_hm_0.csv.gz	20000	2000000	0.8860
msr_hm_0.csv.gz	40000	2000000	0.8112
msr_hm_0.csv.gz	80000	2000000	0.6617
msr_prn_0.csv.gz	5000	2000000	0.9913
msr_prn_0.csv.gz	10000	2000000	0.9908
msr_prn_0.csv.gz	20000	2000000	0.9900
msr_prn_0.csv.gz	40000	2000000	0.9877
msr_prn_0.csv.gz	80000	2000000	0.9858
msr_proj_0.csv.gz	5000	2000000	0.9573
msr_proj_0.csv.gz	10000	2000000	0.9522
msr_proj_0.csv.gz	20000	2000000	0.9465
msr_proj_0.csv.gz	40000	2000000	0.9394
msr_proj_0.csv.gz	80000	2000000	0.9279
msr_src1_2.csv.gz	5000	2000000	0.9831
msr_src1_2.csv.gz	10000	2000000	0.9830
msr_src1_2.csv.gz	20000	2000000	0.9830
msr_src1_2.csv.gz	40000	2000000	0.9827
msr_src1_2.csv.gz	80000	2000000	0.9822
msr_usr_0.csv.gz	5000	2000000	0.9703
msr_usr_0.csv.gz	10000	2000000	0.9681
msr_usr_0.csv.gz	20000	2000000	0.9643
msr_usr_0.csv.gz	40000	2000000	0.9552
msr_usr_0.csv.gz	80000	2000000	0.9460
msr_web_0.csv.gz	5000	2000000	0.9798
msr_web_0.csv.gz	10000	2000000	0.9787
msr_web_0.csv.gz	20000	2000000	0.9770
msr_web_0.csv.gz	40000	2000000	0.9694
msr_web_0.csv.gz	80000	2000000	0.9438
